Date,Dataset,name,taxonomy_id,taxonomy_lvl,kraken_assigned_reads,added_reads,new_est_reads,fraction_total_reads
2025-03-14,10_Zymo_Micro_Prep_CS_010_Right_Eye_S90,Cutibacterium acnes,1747,S,933,6,939,0.05021
2025-03-14,11_Zymo_Micro_Prep_CS_007_Air_Swab_S91,Xanthomonas campestris,339,S,16057,320,16377,0.06707
2025-03-14,11_Zymo_Micro_Prep_CS_007_Air_Swab_S91,Delftia tsuruhatensis,180282,S,14912,3184,18096,0.07411
2025-03-14,11_Zymo_Micro_Prep_CS_007_Air_Swab_S91,Cutibacterium acnes,1747,S,34787,325,35112,0.14381
2025-03-14,11_Zymo_Micro_Prep_CS_007_Air_Swab_S91,Meiothermus silvanus,52022,S,21623,81,21704,0.08889
2025-03-14,12_Zymo_Micro_Prep_CS_010_Air_Swab_S92,Xanthomonas campestris,339,S,20677,403,21080,0.05122
2025-03-14,12_Zymo_Micro_Prep_CS_010_Air_Swab_S92,Delftia tsuruhatensis,180282,S,22593,5165,27758,0.06744
2025-03-14,12_Zymo_Micro_Prep_CS_010_Air_Swab_S92,Cutibacterium acnes,1747,S,54425,467,54892,0.13337
2025-03-14,12_Zymo_Micro_Prep_CS_010_Air_Swab_S92,Meiothermus silvanus,52022,S,26884,98,26982,0.06556
2025-03-14,12_Zymo_Micro_Prep_CS_010_Air_Swab_S92,Malassezia restricta,76775,S,23277,3,23280,0.05656
2025-03-14,13_Zymo_Microprep_MCS_OMR_BD801_S93,Bacillus subtilis,1423,S,159346,1615333,1774679,0.05842
2025-03-14,13_Zymo_Microprep_MCS_OMR_BD801_S93,Bacillus intestinalis,1963032,S,5395,1811887,1817282,0.05982
2025-03-14,13_Zymo_Microprep_MCS_OMR_BD801_S93,Staphylococcus aureus,1280,S,3402565,152948,3555513,0.11705
2025-03-14,13_Zymo_Microprep_MCS_OMR_BD801_S93,Listeria monocytogenes,1639,S,2951130,118588,3069718,0.10105
2025-03-14,13_Zymo_Microprep_MCS_OMR_BD801_S93,Enterococcus faecalis,1351,S,2965385,82027,3047412,0.10032
2025-03-14,13_Zymo_Microprep_MCS_OMR_BD801_S93,Lactobacillus fermentum,1613,S,2891335,60805,2952140,0.09718
2025-03-14,13_Zymo_Microprep_MCS_OMR_BD801_S93,Salmonella enterica,28901,S,2801102,2370365,5171467,0.17024
2025-03-14,13_Zymo_Microprep_MCS_OMR_BD801_S93,Escherichia coli,562,S,827408,3094048,3921456,0.12909
2025-03-14,13_Zymo_Microprep_MCS_OMR_BD801_S93,Pseudomonas aeruginosa,287,S,1318976,2230111,3549087,0.11684
2025-03-14,14_Zymo_Microprep_OMR_BD801_S94,Bacillus subtilis,1423,S,6829,91511,98340,0.06783
2025-03-14,14_Zymo_Microprep_OMR_BD801_S94,Staphylococcus aureus,1280,S,161810,8658,170468,0.11757
2025-03-14,14_Zymo_Microprep_OMR_BD801_S94,Listeria monocytogenes,1639,S,134158,5775,139933,0.09651
2025-03-14,14_Zymo_Microprep_OMR_BD801_S94,Enterococcus faecalis,1351,S,133748,3981,137729,0.09499
2025-03-14,14_Zymo_Microprep_OMR_BD801_S94,Lactobacillus fermentum,1613,S,125920,2916,128836,0.08886
2025-03-14,14_Zymo_Microprep_OMR_BD801_S94,Salmonella enterica,28901,S,119078,109267,228345,0.15749
2025-03-14,14_Zymo_Microprep_OMR_BD801_S94,Escherichia coli,562,S,36520,139906,176426,0.12168
2025-03-14,14_Zymo_Microprep_OMR_BD801_S94,Pseudomonas aeruginosa,287,S,57762,103370,161132,0.11113
2025-03-14,15_Qiagen_Soil_Pro_CS_001_Left_Eye_S95,Bacillus subtilis,1423,S,9639,110348,119987,0.05498
2025-03-14,15_Qiagen_Soil_Pro_CS_001_Left_Eye_S95,Staphylococcus aureus,1280,S,218221,16870,235091,0.10771
2025-03-14,15_Qiagen_Soil_Pro_CS_001_Left_Eye_S95,Listeria monocytogenes,1639,S,182888,8216,191104,0.08756
2025-03-14,15_Qiagen_Soil_Pro_CS_001_Left_Eye_S95,Enterococcus faecalis,1351,S,185445,5381,190826,0.08743
2025-03-14,15_Qiagen_Soil_Pro_CS_001_Left_Eye_S95,Lactobacillus fermentum,1613,S,163341,3806,167147,0.07658
2025-03-14,15_Qiagen_Soil_Pro_CS_001_Left_Eye_S95,Salmonella enterica,28901,S,169084,161057,330141,0.15126
2025-03-14,15_Qiagen_Soil_Pro_CS_001_Left_Eye_S95,Escherichia coli,562,S,51491,202197,253688,0.11624
2025-03-14,15_Qiagen_Soil_Pro_CS_001_Left_Eye_S95,Pseudomonas aeruginosa,287,S,80317,144182,224499,0.10286
2025-03-14,16_Qiagen_Soil_Pro_CS_002_Right_Eye_S96,Bacillus intestinalis,1963032,S,16,5109,5125,0.05136
2025-03-14,16_Qiagen_Soil_Pro_CS_002_Right_Eye_S96,Staphylococcus aureus,1280,S,10393,559,10952,0.10976
2025-03-14,16_Qiagen_Soil_Pro_CS_002_Right_Eye_S96,Listeria monocytogenes,1639,S,8326,365,8691,0.08710
2025-03-14,16_Qiagen_Soil_Pro_CS_002_Right_Eye_S96,Enterococcus faecalis,1351,S,8522,222,8744,0.08763
2025-03-14,16_Qiagen_Soil_Pro_CS_002_Right_Eye_S96,Lactobacillus fermentum,1613,S,6581,136,6717,0.06732
2025-03-14,16_Qiagen_Soil_Pro_CS_002_Right_Eye_S96,Salmonella enterica,28901,S,7100,6018,13118,0.13147
2025-03-14,16_Qiagen_Soil_Pro_CS_002_Right_Eye_S96,Escherichia coli,562,S,2219,8531,10750,0.10773
2025-03-14,16_Qiagen_Soil_Pro_CS_002_Right_Eye_S96,Xanthomonas campestris,339,S,5652,111,5763,0.05776
2025-03-14,16_Qiagen_Soil_Pro_CS_002_Right_Eye_S96,Pseudomonas aeruginosa,287,S,2791,4650,7441,0.07457
2025-03-14,17_Qiagen_Soil_Pro_CS_003_Left_Eye_S1,Xanthomonas campestris,339,S,4668,99,4767,0.12981
2025-03-14,17_Qiagen_Soil_Pro_CS_003_Left_Eye_S1,Salmonella enterica,28901,S,1379,1479,2858,0.07783
2025-03-14,17_Qiagen_Soil_Pro_CS_003_Left_Eye_S1,Escherichia coli,562,S,417,1433,1850,0.05038
2025-03-14,17_Qiagen_Soil_Pro_CS_003_Left_Eye_S1,Staphylococcus aureus,1280,S,1792,281,2073,0.05645
2025-03-14,18_Qiagen_Soil_Pro_CS_004_Right_Eye_S2,Bacillus subtilis,1423,S,2711,35349,38060,0.05888
2025-03-14,18_Qiagen_Soil_Pro_CS_004_Right_Eye_S2,Staphylococcus aureus,1280,S,65954,3928,69882,0.10810
2025-03-14,18_Qiagen_Soil_Pro_CS_004_Right_Eye_S2,Listeria monocytogenes,1639,S,54895,2412,57307,0.08865
2025-03-14,18_Qiagen_Soil_Pro_CS_004_Right_Eye_S2,Enterococcus faecalis,1351,S,56077,1764,57841,0.08947
2025-03-14,18_Qiagen_Soil_Pro_CS_004_Right_Eye_S2,Lactobacillus fermentum,1613,S,43980,1081,45061,0.06971
2025-03-14,18_Qiagen_Soil_Pro_CS_004_Right_Eye_S2,Salmonella enterica,28901,S,43320,40939,84259,0.13034
2025-03-14,18_Qiagen_Soil_Pro_CS_004_Right_Eye_S2,Escherichia coli,562,S,13831,54836,68667,0.10622
2025-03-14,18_Qiagen_Soil_Pro_CS_004_Right_Eye_S2,Pseudomonas aeruginosa,287,S,17305,32148,49453,0.07650
2024-07-15,199599_10_S41,Bradyrhizobium sp. SK17,2057741,S,871303,38929,910232,0.18046
2024-07-15,199599_10_S41,Burkholderia contaminans,488447,S,414540,97806,512346,0.10158
2024-07-15,199599_10_S41,Parabacteroides distasonis,823,S,151854,127239,279093,0.05533
2024-07-15,199599_11_S42,Bradyrhizobium sp. SK17,2057741,S,230174,10107,240281,0.22095
2024-07-15,199599_11_S42,Burkholderia contaminans,488447,S,112455,24614,137069,0.12604
2024-07-15,199599_12_S43,Bacillus subtilis,1423,S,716920,7321419,8038339,0.13656
2024-07-15,199599_12_S43,Bacillus intestinalis,1963032,S,19435,6358010,6377445,0.10835
2024-07-15,199599_12_S43,Listeria monocytogenes,1639,S,14408452,643378,15051830,0.25572
2024-07-15,199599_12_S43,Lactobacillus fermentum,1613,S,3871135,90895,3962030,0.06731
2024-07-15,199599_12_S43,Enterococcus faecalis,1351,S,3181096,115610,3296706,0.05601
2024-07-15,199599_12_S43,Salmonella enterica,28901,S,3748730,3666940,7415670,0.12599
2024-07-15,199599_12_S43,Escherichia coli,562,S,1322177,4590738,5912915,0.10046
2024-07-15,199599_12_S43,Pseudomonas aeruginosa,287,S,1450331,2734171,4184502,0.07109
2024-07-15,199599_13_S44,Bacteroides uniformis,820,S,341756,160649,502405,0.07088
2024-07-15,199599_13_S44,Phocaeicola vulgatus,821,S,407633,92623,500256,0.07058
2024-07-15,199599_13_S44,Bradyrhizobium sp. SK17,2057741,S,572574,24428,597002,0.08423
2024-07-15,199599_14_S45,Bacteroides ovatus,28116,S,1821228,400268,2221496,0.13542
2024-07-15,199599_14_S45,Phocaeicola vulgatus,821,S,2643729,409532,3053261,0.18612
2024-07-15,199599_14_S45,Klebsiella pneumoniae,573,S,508813,879414,1388227,0.08462
2024-07-15,199599_14_S45,Bradyrhizobium sp. SK17,2057741,S,809015,34320,843335,0.05141
2024-07-15,199599_15_S46,Faecalibacterium prausnitzii,853,S,1085985,288491,1374476,0.06015
2024-07-15,199599_15_S46,Bacteroides fragilis,817,S,1779106,102768,1881874,0.08236
2024-07-15,199599_15_S46,Bacteroides cellulosilyticus,246787,S,1251313,43445,1294758,0.05667
2024-07-15,199599_16_S47,Salmonella enterica,28901,S,10247213,8814008,19061221,0.28275
2024-07-15,199599_16_S47,Escherichia coli,562,S,3299330,11300432,14599762,0.21657
2024-07-15,199599_16_S47,Pseudomonas aeruginosa,287,S,5544770,9595380,15140150,0.22458
2024-07-15,199599_16_S47,Bacillus subtilis,1423,S,428288,4191360,4619648,0.06853
2024-07-15,199599_16_S47,Bacillus intestinalis,1963032,S,11998,4029339,4041337,0.05995
2024-07-15,199599_17_S27,Bradyrhizobium sp. SK17,2057741,S,831108,35662,866770,0.20457
2024-07-15,199599_17_S27,Burkholderia contaminans,488447,S,399687,78017,477704,0.11275
2024-07-15,199599_18_S28,Bradyrhizobium sp. SK17,2057741,S,2295362,86515,2381877,0.31562
2024-07-15,199599_18_S28,Burkholderia contaminans,488447,S,639328,127786,767114,0.10165
2024-07-15,199599_19_S29,Bradyrhizobium sp. SK17,2057741,S,82347,3825,86172,0.16123
2024-07-15,199599_19_S29,Burkholderia contaminans,488447,S,43926,8185,52111,0.09750
2024-07-15,199599_1_S32,Bradyrhizobium sp. SK17,2057741,S,110584,4771,115355,0.13996
2024-07-15,199599_1_S32,Burkholderia contaminans,488447,S,50453,10329,60782,0.07375
2024-07-15,199599_2_S33,Parabacteroides distasonis,823,S,472887,395011,867898,0.31495
2024-07-15,199599_3_S34,Bradyrhizobium sp. SK17,2057741,S,1332343,56933,1389276,0.14204
2024-07-15,199599_3_S34,Burkholderia contaminans,488447,S,619630,121576,741206,0.07578
2024-07-15,199599_3_S34,Escherichia coli,562,S,303834,548257,852091,0.08712
2024-07-15,199599_4_S35,Salmonella enterica,28901,S,10782990,8829508,19612498,0.25831
2024-07-15,199599_4_S35,Escherichia coli,562,S,3508681,11610753,15119434,0.19913
2024-07-15,199599_4_S35,Pseudomonas aeruginosa,287,S,5716607,9759779,15476386,0.20383
2024-07-15,199599_4_S35,Bacillus subtilis,1423,S,493774,4712224,5205998,0.06857
2024-07-15,199599_4_S35,Bacillus intestinalis,1963032,S,14382,4619080,4633462,0.06102
2024-07-15,199599_5_S36,Salmonella enterica,28901,S,4353511,3757642,8111153,0.28398
2024-07-15,199599_5_S36,Escherichia coli,562,S,1424172,4843728,6267900,0.21944
2024-07-15,199599_5_S36,Pseudomonas aeruginosa,287,S,2300380,4094385,6394765,0.22388
2024-07-15,199599_5_S36,Bacillus subtilis,1423,S,173731,1712649,1886380,0.06604
2024-07-15,199599_5_S36,Bacillus intestinalis,1963032,S,4840,1623472,1628312,0.05701
2024-07-15,199599_6_S37,Bradyrhizobium sp. SK17,2057741,S,101691,4363,106054,0.15671
2024-07-15,199599_6_S37,Burkholderia contaminans,488447,S,49325,9981,59306,0.08763
2024-07-15,199599_6_S37,Parabacteroides distasonis,823,S,25216,21967,47183,0.06972
2024-07-15,199599_7_S38,Bradyrhizobium sp. SK17,2057741,S,1819346,79964,1899310,0.18682
2024-07-15,199599_7_S38,Burkholderia contaminans,488447,S,903442,191906,1095348,0.10774
2024-07-15,199599_8_S39,Salmonella enterica,28901,S,11763539,9923675,21687214,0.27717
2024-07-15,199599_8_S39,Escherichia coli,562,S,3855418,12981311,16836729,0.21518
2024-07-15,199599_8_S39,Pseudomonas aeruginosa,287,S,6315423,10931053,17246476,0.22042
2024-07-15,199599_8_S39,Bacillus subtilis,1423,S,518243,5071923,5590166,0.07144
2024-07-15,199599_8_S39,Bacillus intestinalis,1963032,S,14753,4829732,4844485,0.06191
2024-07-15,199599_9_S40,Bradyrhizobium sp. SK17,2057741,S,120482,5375,125857,0.16892
2024-07-15,199599_9_S40,Burkholderia contaminans,488447,S,56695,12025,68720,0.09223
2025-03-14,1_Zymo_Micro_Prep_CS_001_Left_Eye_S81,Trypanosoma cruzi,5693,S,4442,1101,5543,0.11236
2025-03-14,1_Zymo_Micro_Prep_CS_001_Left_Eye_S81,Cryptosporidium hominis,237895,S,2815,251,3066,0.06215
2025-03-14,1_Zymo_Micro_Prep_CS_001_Left_Eye_S81,Pseudomonas tolaasii,29442,S,1070,2897,3967,0.08041
2025-03-14,1_Zymo_Micro_Prep_CS_001_Left_Eye_S81,Klebsiella pneumoniae,573,S,307,2402,2709,0.05491
2025-03-14,1_Zymo_Micro_Prep_CS_001_Left_Eye_S81,Cutibacterium acnes,1747,S,2816,24,2840,0.05757
2024-03-14,Qiagen_DNeasy_Air_Ctr_3_S10,Rothia mucilaginosa,43675,S,134595,871,135466,0.05536
2024-03-14,Qiagen_DNeasy_Air_Ctr_3_S10,Salmonella enterica,28901,S,37898,117429,155327,0.06347
2024-03-14,Qiagen_DNeasy_Air_Ctr_3_S10,Trypanosoma cruzi,5693,S,160451,44433,204884,0.08373
2024-10-28,Qiagen_Dneasy_CS_001_Air_Swab_S39,Burkholderia contaminans,488447,S,1123920,248332,1372252,0.25224
2024-10-28,Qiagen_Dneasy_CS_001_Air_Swab_S39,Bradyrhizobium sp. SK17,2057741,S,344636,28249,372885,0.06854
2024-10-28,Qiagen_Dneasy_CS_001_Right_Eye_S28,Burkholderia contaminans,488447,S,12306,2268,14574,0.14251
2024-10-28,Qiagen_Dneasy_CS_002_Air_Swab_S62,Staphylococcus aureus,1280,S,180723,58625,239348,0.05428
2024-10-28,Qiagen_Dneasy_CS_002_Air_Swab_S62,Burkholderia contaminans,488447,S,504327,89652,593979,0.13470
2024-10-28,Qiagen_Dneasy_CS_002_Air_Swab_S62,Salmonella enterica,28901,S,107436,144413,251849,0.05711
2024-10-28,Qiagen_Dneasy_CS_002_Left_Eye_S21,Burkholderia contaminans,488447,S,5164,961,6125,0.16370
2024-10-28,Qiagen_Dneasy_CS_003_Air_Swab_S18,Burkholderia contaminans,488447,S,1281360,256314,1537674,0.25203
2024-10-28,Qiagen_Dneasy_CS_003_Air_Swab_S18,Bradyrhizobium sp. SK17,2057741,S,369245,33353,402598,0.06599
2024-10-28,Qiagen_Dneasy_CS_003_Right_Eye_S58,Burkholderia contaminans,488447,S,5906,940,6846,0.14528
2024-10-28,Qiagen_Dneasy_CS_003_Right_Eye_S58,Salmonella enterica,28901,S,1120,1800,2920,0.06197
2024-10-28,Qiagen_Dneasy_CS_004_Air_Swab_S52,Burkholderia contaminans,488447,S,341564,76318,417882,0.22356
2024-10-28,Qiagen_Dneasy_CS_004_Air_Swab_S52,Bradyrhizobium sp. SK17,2057741,S,105668,9346,115014,0.06153
2025-03-14,22_Qiagen_Soil_Pro_CS_008_Right_Eye_S6,Cutibacterium acnes,1747,S,541,4,545,0.05220
2025-03-14,25_Qiagen_Soil_Pro_CS_007_Air_Swab_S9,Staphylococcus aureus,1280,S,26122,2094,28216,0.08522
2025-03-14,25_Qiagen_Soil_Pro_CS_007_Air_Swab_S9,Listeria monocytogenes,1639,S,25362,1141,26503,0.08004
2025-03-14,25_Qiagen_Soil_Pro_CS_007_Air_Swab_S9,Enterococcus faecalis,1351,S,23969,881,24850,0.07505
2025-03-14,25_Qiagen_Soil_Pro_CS_007_Air_Swab_S9,Lactobacillus fermentum,1613,S,21746,528,22274,0.06727
2025-03-14,25_Qiagen_Soil_Pro_CS_007_Air_Swab_S9,Salmonella enterica,28901,S,20812,20669,41481,0.12528
2025-03-14,25_Qiagen_Soil_Pro_CS_007_Air_Swab_S9,Escherichia coli,562,S,6241,25410,31651,0.09559
2025-03-14,25_Qiagen_Soil_Pro_CS_007_Air_Swab_S9,Pseudomonas aeruginosa,287,S,11946,21886,33832,0.10218
2025-03-14,26_Qiagen_Soil_Pro_CS_010_Air_Swab_S10,Xanthomonas campestris,339,S,16749,471,17220,0.14660
2025-03-14,26_Qiagen_Soil_Pro_CS_010_Air_Swab_S10,Delftia tsuruhatensis,180282,S,7207,1718,8925,0.07598
2025-03-14,26_Qiagen_Soil_Pro_CS_010_Air_Swab_S10,Cutibacterium acnes,1747,S,22954,189,23143,0.19702
2025-03-14,27_Qiagen_Soil_Pro_MCS_OMR_BD801_S11,Salmonella enterica,28901,S,3085820,2679241,5765061,0.27666
2025-03-14,27_Qiagen_Soil_Pro_MCS_OMR_BD801_S11,Escherichia coli,562,S,879718,3433556,4313274,0.20699
2025-03-14,27_Qiagen_Soil_Pro_MCS_OMR_BD801_S11,Pseudomonas aeruginosa,287,S,1719977,2964512,4684489,0.22481
2025-03-14,27_Qiagen_Soil_Pro_MCS_OMR_BD801_S11,Bacillus subtilis,1423,S,108920,1129233,1238153,0.05942
2025-03-14,27_Qiagen_Soil_Pro_MCS_OMR_BD801_S11,Bacillus intestinalis,1963032,S,3616,1238551,1242167,0.05961
2025-03-14,28_Qiagen_Soil_Pro_OMR_BD801_S12,Salmonella enterica,28901,S,146273,141468,287741,0.24345
2025-03-14,28_Qiagen_Soil_Pro_OMR_BD801_S12,Escherichia coli,562,S,43460,174244,217704,0.18419
2025-03-14,28_Qiagen_Soil_Pro_OMR_BD801_S12,Pseudomonas aeruginosa,287,S,103230,193039,296269,0.25067
2025-03-14,28_Qiagen_Soil_Pro_OMR_BD801_S12,Bacillus subtilis,1423,S,5134,60721,65855,0.05572
2025-03-14,29_Z_Mini_049_Conj_L_1_S13,Salmonella enterica,28901,S,3925,4014,7939,0.14426
2025-03-14,29_Z_Mini_049_Conj_L_1_S13,Escherichia coli,562,S,1181,5331,6512,0.11833
2025-03-14,29_Z_Mini_049_Conj_L_1_S13,Pseudomonas aeruginosa,287,S,2875,4978,7853,0.14270
2025-03-14,31_Z_Mini_049_Skin_L_1_S15,Cutibacterium acnes,1747,S,91712,762,92474,0.42750
2025-03-14,32_Z_Mini_049_Conj_L_2_S16,Salmonella enterica,28901,S,532,1068,1600,0.05140
2025-03-14,32_Z_Mini_049_Conj_L_2_S16,Cutibacterium acnes,1747,S,3158,26,3184,0.10229
2025-03-14,33_Z_Mini_049_Lid_L_2_S17,Cutibacterium acnes,1747,S,53832,496,54328,0.62661
2025-03-14,34_Z_Mini_049_Skin_L_2_S18,Cutibacterium acnes,1747,S,896170,7835,904005,0.70735
2025-03-14,36_Z_Mini_049_Lid_L_3_S20,Cutibacterium acnes,1747,S,35356,366,35722,0.47903
2025-03-14,36_Z_Mini_049_Lid_L_3_S20,Staphylococcus hominis,1290,S,6661,351,7012,0.09403
2025-03-14,37_Z_Mini_049_Skin_L_3_S21,Cutibacterium acnes,1747,S,293486,2712,296198,0.72631
2025-03-14,38_Z_Mini_050_Conj_R_1_S22,Xanthomonas campestris,339,S,875,19,894,0.05206
2025-03-14,38_Z_Mini_050_Conj_R_1_S22,Cutibacterium acnes,1747,S,1649,14,1663,0.09684
2025-03-14,39_Z_Mini_050_Lid_R_1_S23,Cutibacterium acnes,1747,S,75456,453,75909,0.45576
2025-03-14,39_Z_Mini_050_Lid_R_1_S23,Pantoea agglomerans,549,S,46689,1416,48105,0.28883
2025-03-14,40_Z_Mini_050_Skin_R_1_S24,Cutibacterium acnes,1747,S,412960,2463,415423,0.77384
2025-03-14,42_Z_Mini_050_Lid_R_2_S26,Cutibacterium acnes,1747,S,322582,1960,324542,0.84061
2025-03-14,43_Z_Mini_050_Skin_R_2_S27,Cutibacterium acnes,1747,S,6658728,40330,6699058,0.88730
2025-03-14,44_Z_Mini_050_Conj_R_3_S28,Cutibacterium acnes,1747,S,2371,14,2385,0.10627
2025-03-14,45_Z_Mini_050_Lid_R_3_S29,Cutibacterium acnes,1747,S,7177,51,7228,0.56381
2025-03-14,45_Z_Mini_050_Lid_R_3_S29,Corynebacterium segmentosum,43990,S,652,14,666,0.05195
2025-03-14,46_Z_Mini_050_Skin_R_3_S30,Cutibacterium acnes,1747,S,751042,4420,755462,0.82155
2025-03-14,46_Z_Mini_050_Skin_R_3_S30,Malassezia restricta,76775,S,49814,3,49817,0.05418
2025-03-14,47_Z_Mini_051_Conj_L_1_S31,Cutibacterium acnes,1747,S,815,6,821,0.05321
2025-03-14,48_Z_Mini_051_Lid_L_1_S32,Cutibacterium acnes,1747,S,22520,255,22775,0.20829
2025-03-14,49_Z_Mini_051_Skin_L_1_S33,Cutibacterium acnes,1747,S,83613,617,84230,0.41192
2025-03-14,49_Z_Mini_051_Skin_L_1_S33,Dermacoccus nishinomiyaensis,1274,S,10734,236,10970,0.05365
2025-03-14,4_Zymo_Micro_Prep_CS_004_Right_Eye_S84,Cutibacterium acnes,1747,S,2329,39,2368,0.07561
2025-03-14,4_Zymo_Micro_Prep_CS_004_Right_Eye_S84,Trypanosoma cruzi,5693,S,1341,299,1640,0.05237
2025-03-14,50_Z_Mini_051_Conj_L_2_S34,Delftia tsuruhatensis,180282,S,1458,290,1748,0.06428
2025-03-14,50_Z_Mini_051_Conj_L_2_S34,Cutibacterium acnes,1747,S,1824,24,1848,0.06796
2025-03-14,51_Z_Mini_051_Lid_L_2_S35,Cutibacterium acnes,1747,S,25072,262,25334,0.20176
2025-03-14,51_Z_Mini_051_Lid_L_2_S35,Dermacoccus nishinomiyaensis,1274,S,7844,248,8092,0.06444
2025-03-14,51_Z_Mini_051_Lid_L_2_S35,Staphylococcus epidermidis,1282,S,2617,4885,7502,0.05974
2025-03-14,51_Z_Mini_051_Lid_L_2_S35,Trypanosoma cruzi,5693,S,5906,1477,7383,0.05880
2024-07-15,199599_20_S30,Salmonella enterica,28901,S,7634581,6101496,13736077,0.25729
2024-07-15,199599_20_S30,Escherichia coli,562,S,2550850,7698104,10248954,0.19197
2024-07-15,199599_20_S30,Pseudomonas aeruginosa,287,S,2786124,4881562,7667686,0.14362
2024-07-15,199599_20_S30,Bacillus subtilis,1423,S,301000,2874153,3175153,0.05947
2024-07-15,199599_20_S30,Bacillus intestinalis,1963032,S,8605,2674558,2683163,0.05026
2024-07-15,199599_20_S30,Lactobacillus fermentum,1613,S,3584270,80538,3664808,0.06865
2024-07-15,199599_20_S30,Enterococcus faecalis,1351,S,3214516,117918,3332434,0.06242
2024-07-15,199599_20_S30,Saccharomyces cerevisiae,4932,S,3434063,4321,3438384,0.06440
2025-03-14,30_Z_Mini_049_049_Lid_L_1_S14,Cutibacterium acnes,1747,S,15669,139,15808,0.32049
2025-03-14,30_Z_Mini_049_049_Lid_L_1_S14,Staphylococcus epidermidis,1282,S,2636,212,2848,0.05774
2025-03-14,41_Z_Mini_050_Conj_R_2_S25,Cutibacterium acnes,1747,S,3397,18,3415,0.16942
2025-03-14,52_Z_Mini_051_Skin_L_2_S36,Curtobacterium flaccumfaciens,2035,S,99452,3567,103019,0.06861
2025-03-14,52_Z_Mini_051_Skin_L_2_S36,Cutibacterium acnes,1747,S,356846,4110,360956,0.24041
2025-03-14,62_Z_Mini__OMR_B1001_S46,Salmonella enterica,28901,S,21471,18597,40068,0.08589
2025-03-14,62_Z_Mini__OMR_B1001_S46,Escherichia coli,562,S,6406,24883,31289,0.06707
2025-03-14,62_Z_Mini__OMR_B1001_S46,Pseudomonas aeruginosa,287,S,15780,27479,43259,0.09273
2025-03-14,62_Z_Mini__OMR_B1001_S46,Staphylococcus aureus,1280,S,29249,1994,31243,0.06697
2025-03-14,62_Z_Mini__OMR_B1001_S46,Listeria monocytogenes,1639,S,27530,1173,28703,0.06153
2025-03-14,62_Z_Mini__OMR_B1001_S46,Lactobacillus fermentum,1613,S,27915,592,28507,0.06111
2025-03-14,62_Z_Mini__OMR_B1001_S46,Enterococcus faecalis,1351,S,24851,703,25554,0.05478
2025-03-14,62_Z_Mini__OMR_B1001_S46,Cutibacterium acnes,1747,S,29353,197,29550,0.06335
2025-03-14,72_Qiagen_DNeasy_050_Conj_R_1_S56,Trypanosoma cruzi,5693,S,3835,1005,4840,0.11969
2025-03-14,72_Qiagen_DNeasy_050_Conj_R_1_S56,Cryptosporidium hominis,237895,S,2141,747,2888,0.07142
2025-03-14,72_Qiagen_DNeasy_050_Conj_R_1_S56,Salinivibrio sp. YCSC6,2003370,S,1466,957,2423,0.05992
2025-03-14,72_Qiagen_DNeasy_050_Conj_R_1_S56,Salinivibrio costicola,51367,S,1453,945,2398,0.05930
2025-03-14,72_Qiagen_DNeasy_050_Conj_R_1_S56,Pseudomonas tolaasii,29442,S,1175,2251,3426,0.08472
2025-03-14,82_Qiagen_DNeasy_051_Lid_L_1_S66,Salinivibrio sp. YCSC6,2003370,S,6800,3664,10464,0.08244
2025-03-14,82_Qiagen_DNeasy_051_Lid_L_1_S66,Salinivibrio costicola,51367,S,6616,3612,10228,0.08058
2025-03-14,82_Qiagen_DNeasy_051_Lid_L_1_S66,Cutibacterium acnes,1747,S,12629,140,12769,0.10059
2025-03-14,82_Qiagen_DNeasy_051_Lid_L_1_S66,Trypanosoma cruzi,5693,S,7625,1612,9237,0.07277
2025-03-14,92_Qiagen_DNeasy_049_ISO_Cont_2_S76,Salinivibrio sp. YCSC6,2003370,S,53925,32849,86774,0.08780
2025-03-14,92_Qiagen_DNeasy_049_ISO_Cont_2_S76,Salinivibrio costicola,51367,S,52254,32341,84595,0.08560
2025-03-14,92_Qiagen_DNeasy_049_ISO_Cont_2_S76,Pseudomonas tolaasii,29442,S,47712,55216,102928,0.10415
2025-03-14,92_Qiagen_DNeasy_049_ISO_Cont_2_S76,Salmonella enterica,28901,S,5891,78969,84860,0.08587
2025-03-14,92_Qiagen_DNeasy_049_ISO_Cont_2_S76,Escherichia coli,562,S,2032,61752,63784,0.06454
2025-03-14,92_Qiagen_DNeasy_049_ISO_Cont_2_S76,Trypanosoma cruzi,5693,S,165821,26294,192115,0.19439
2025-03-14,92_Qiagen_DNeasy_049_ISO_Cont_2_S76,Cryptosporidium hominis,237895,S,56875,8008,64883,0.06565
2024-10-28,Qiagen_Dneasy_CS_004_Left_Eye_S27,Burkholderia contaminans,488447,S,15976,3049,19025,0.17935
2024-10-28,Qiagen_Dneasy_CS_004_Left_Eye_S27,Bradyrhizobium sp. SK17,2057741,S,5436,466,5902,0.05564
2024-10-28,Qiagen_Dneasy_CS_004_Left_Eye_S27,Pseudomonas aeruginosa,287,S,1477,4531,6008,0.05664
2024-10-28,Qiagen_DNeasy_OMR_MolYsis_2_S53,Burkholderia contaminans,488447,S,864187,309779,1173966,0.20982
2024-10-28,Qiagen_DNeasy_OMR_MolYsis_2_S53,Bradyrhizobium sp. SK17,2057741,S,394827,28917,423744,0.07574
2024-10-28,Zymo_Mini_Prep_CS_003_Air_Swab_S77,Burkholderia contaminans,488447,S,966084,187842,1153926,0.24235
2024-10-28,Zymo_Mini_Prep_CS_003_Air_Swab_S77,Bradyrhizobium sp. SK17,2057741,S,458308,31488,489796,0.10287
2024-10-28,Zymo_Mini_Prep_CS_009_Right_Eye_S71,Salmonella enterica,28901,S,42263,37974,80237,0.21583
2024-10-28,Zymo_Mini_Prep_CS_009_Right_Eye_S71,Escherichia coli,562,S,12424,49644,62068,0.16696
2024-10-28,Zymo_Mini_Prep_CS_009_Right_Eye_S71,Pseudomonas aeruginosa,287,S,24956,45122,70078,0.18850
2024-10-28,Zymo_Mini_Prep_CS_009_Right_Eye_S71,Burkholderia contaminans,488447,S,17955,2862,20817,0.05600
2024-10-28,Zymo_Mini_Prep_CS_009_Right_Eye_S71,Bacillus subtilis,1423,S,1514,17125,18639,0.05014
2025-03-14,53_Z_Mini_051_Conj_L_3_S37,Cutibacterium acnes,1747,S,3123,28,3151,0.11515
2025-03-14,54_Z_Mini_051_Lid_L_3_S38,Cutibacterium acnes,1747,S,55158,511,55669,0.37521
2025-03-14,55_Z_Mini_051_Skin_L_3_S39,Cutibacterium acnes,1747,S,108499,821,109320,0.55336
2025-03-14,56_Z_Mini_049_ISO_Cont_1_S40,Erwinia gerundensis,1619313,S,76367,649,77016,0.06578
2025-03-14,56_Z_Mini_049_ISO_Cont_1_S40,Klebsiella pneumoniae,573,S,18367,84869,103236,0.08818
2025-03-14,56_Z_Mini_049_ISO_Cont_1_S40,Cutibacterium acnes,1747,S,124450,956,125406,0.10711
2025-03-14,56_Z_Mini_049_ISO_Cont_1_S40,Trypanosoma cruzi,5693,S,174885,32435,207320,0.17708
2025-03-14,56_Z_Mini_049_ISO_Cont_1_S40,Cryptosporidium hominis,237895,S,62375,16589,78964,0.06745
2025-03-14,57_Z_Mini_050_ISO_Cont_1_S41,Cutibacterium acnes,1747,S,43819,388,44207,0.11155
2025-03-14,57_Z_Mini_050_ISO_Cont_1_S41,Mycolicibacterium phocaicum,319706,S,23828,634,24462,0.06173
2025-03-14,57_Z_Mini_050_ISO_Cont_1_S41,Staphylococcus hominis,1290,S,26367,1495,27862,0.07031
2025-03-14,58_Z_Mini_049_ISO_Cont_2_S42,Delftia tsuruhatensis,180282,S,25050,5107,30157,0.08931
2025-03-14,58_Z_Mini_049_ISO_Cont_2_S42,Ralstonia insidiosa,190721,S,21938,876,22814,0.06756
2025-03-14,58_Z_Mini_049_ISO_Cont_2_S42,Xanthomonas campestris,339,S,17662,325,17987,0.05327
2025-03-14,58_Z_Mini_049_ISO_Cont_2_S42,Mycolicibacterium phocaicum,319706,S,19649,655,20304,0.06013
2025-03-14,58_Z_Mini_049_ISO_Cont_2_S42,Cutibacterium acnes,1747,S,34015,304,34319,0.10163
2025-03-14,59_Z_Mini_050_ISO_Cont_3_S43,Cutibacterium acnes,1747,S,41446,692,42138,0.08486
2025-03-14,59_Z_Mini_050_ISO_Cont_3_S43,Malassezia restricta,76775,S,42863,6,42869,0.08633
2025-03-14,5_Zymo_Micro_Prep_CS_005_Left_Eye_S85,Cutibacterium acnes,1747,S,1138,9,1147,0.10697
2025-03-14,60_Z_Mini_049_ISO_Cont_3_S44,Cutibacterium acnes,1747,S,39253,579,39832,0.11158
2025-03-14,61_Z_Mini__MCS_OMR_B1001_S45,Bacillus subtilis,1423,S,90378,900912,991290,0.05560
2025-03-14,61_Z_Mini__MCS_OMR_B1001_S45,Bacillus intestinalis,1963032,S,3093,1023392,1026485,0.05757
2025-03-14,61_Z_Mini__MCS_OMR_B1001_S45,Staphylococcus aureus,1280,S,2010318,85841,2096159,0.11756
2025-03-14,61_Z_Mini__MCS_OMR_B1001_S45,Listeria monocytogenes,1639,S,2017604,77513,2095117,0.11750
2025-03-14,61_Z_Mini__MCS_OMR_B1001_S45,Enterococcus faecalis,1351,S,1865189,51018,1916207,0.10747
2025-03-14,61_Z_Mini__MCS_OMR_B1001_S45,Lactobacillus fermentum,1613,S,1741742,34982,1776724,0.09965
2025-03-14,61_Z_Mini__MCS_OMR_B1001_S45,Salmonella enterica,28901,S,1601766,1320672,2922438,0.16390
2025-03-14,61_Z_Mini__MCS_OMR_B1001_S45,Escherichia coli,562,S,465042,1706964,2172006,0.12181
2025-03-14,61_Z_Mini__MCS_OMR_B1001_S45,Pseudomonas aeruginosa,287,S,759358,1252273,2011631,0.11282
2025-03-14,63_Qiagen_DNeasy_049_Conj_L_1_S47,Salmonella enterica,28901,S,2681,3377,6058,0.09936
2025-03-14,63_Qiagen_DNeasy_049_Conj_L_1_S47,Escherichia coli,562,S,851,3668,4519,0.07412
2025-03-14,63_Qiagen_DNeasy_049_Conj_L_1_S47,Salinivibrio sp. YCSC6,2003370,S,2787,1522,4309,0.07067
2025-03-14,63_Qiagen_DNeasy_049_Conj_L_1_S47,Salinivibrio costicola,51367,S,2652,1477,4129,0.06772
2025-03-14,63_Qiagen_DNeasy_049_Conj_L_1_S47,Pseudomonas aeruginosa,287,S,1515,3027,4542,0.07449
2025-03-14,63_Qiagen_DNeasy_049_Conj_L_1_S47,Staphylococcus aureus,1280,S,3606,1477,5083,0.08337
2025-03-14,63_Qiagen_DNeasy_049_Conj_L_1_S47,Listeria monocytogenes,1639,S,3396,254,3650,0.05986
2025-03-14,63_Qiagen_DNeasy_049_Conj_L_1_S47,Enterococcus faecalis,1351,S,3235,145,3380,0.05544
2025-03-14,63_Qiagen_DNeasy_049_Conj_L_1_S47,Lactobacillus fermentum,1613,S,3025,75,3100,0.05084
2025-03-14,64_Qiagen_DNeasy_049_049_Lid_L_1_S48,Cutibacterium acnes,1747,S,16526,123,16649,0.18463
2025-03-14,64_Qiagen_DNeasy_049_049_Lid_L_1_S48,Salmonella enterica,28901,S,1262,3719,4981,0.05524
2025-03-14,65_Qiagen_DNeasy_049_Skin_L_1_S49,Cutibacterium acnes,1747,S,55507,482,55989,0.32418
2025-03-14,65_Qiagen_DNeasy_049_Skin_L_1_S49,Trypanosoma cruzi,5693,S,7965,1149,9114,0.05277
2025-03-14,66_Qiagen_DNeasy_049_Conj_L_2_S50,Salinivibrio costicola,51367,S,1771,1013,2784,0.07710
2025-03-14,66_Qiagen_DNeasy_049_Conj_L_2_S50,Salinivibrio sp. YCSC6,2003370,S,1741,978,2719,0.07530
2025-03-14,66_Qiagen_DNeasy_049_Conj_L_2_S50,Salmonella enterica,28901,S,682,1775,2457,0.06805
2025-03-14,66_Qiagen_DNeasy_049_Conj_L_2_S50,Xanthomonas campestris,339,S,2189,33,2222,0.06154
2025-03-14,66_Qiagen_DNeasy_049_Conj_L_2_S50,Delftia tsuruhatensis,180282,S,1566,305,1871,0.05182
2025-03-14,66_Qiagen_DNeasy_049_Conj_L_2_S50,Cutibacterium acnes,1747,S,2081,12,2093,0.05797
2025-03-14,67_Qiagen_DNeasy_049_Lid_L_2_S51,Cutibacterium acnes,1747,S,36687,326,37013,0.42219
2025-03-14,68_Qiagen_DNeasy_049_Skin_L_2_S52,Cutibacterium acnes,1747,S,408318,3305,411623,0.41997
2025-03-14,68_Qiagen_DNeasy_049_Skin_L_2_S52,Trypanosoma cruzi,5693,S,46887,8259,55146,0.05626
2025-03-14,69_Qiagen_DNeasy_049_Conj_L_3_S53,Salinivibrio sp. YCSC6,2003370,S,3514,1976,5490,0.09321
2025-03-14,69_Qiagen_DNeasy_049_Conj_L_3_S53,Salinivibrio costicola,51367,S,3313,1881,5194,0.08818
2025-03-14,69_Qiagen_DNeasy_049_Conj_L_3_S53,Trypanosoma cruzi,5693,S,4902,885,5787,0.09825
2025-03-14,70_Qiagen_DNeasy_049_Lid_L_3_S54,Cutibacterium acnes,1747,S,44414,337,44751,0.33187
2025-03-14,70_Qiagen_DNeasy_049_Lid_L_3_S54,Salinivibrio sp. YCSC6,2003370,S,5320,3084,8404,0.06232
2025-03-14,70_Qiagen_DNeasy_049_Lid_L_3_S54,Salinivibrio costicola,51367,S,4844,2849,7693,0.05705
2025-03-14,70_Qiagen_DNeasy_049_Lid_L_3_S54,Trypanosoma cruzi,5693,S,5732,1277,7009,0.05198
2025-03-14,71_Qiagen_DNeasy_049_Skin_L_3_S55,Cutibacterium acnes,1747,S,229796,2336,232132,0.63702
2025-03-14,73_Qiagen_DNeasy_050_Lid_R_1_S57,Cutibacterium acnes,1747,S,44660,318,44978,0.39731
2025-03-14,73_Qiagen_DNeasy_050_Lid_R_1_S57,Xanthomonas campestris,339,S,5937,68,6005,0.05304
2025-03-14,73_Qiagen_DNeasy_050_Lid_R_1_S57,Trypanosoma cruzi,5693,S,8076,1703,9779,0.08638
2025-03-14,74_Qiagen_DNeasy_050_Skin_R_1_S58,Cutibacterium acnes,1747,S,161973,1120,163093,0.69037
2025-03-14,75_Qiagen_DNeasy_050_Conj_R_2_S59,Salinivibrio sp. YCSC6,2003370,S,4886,2712,7598,0.05768
2025-03-14,75_Qiagen_DNeasy_050_Conj_R_2_S59,Salinivibrio costicola,51367,S,4605,2568,7173,0.05445
2025-03-14,75_Qiagen_DNeasy_050_Conj_R_2_S59,Xanthomonas campestris,339,S,7197,100,7297,0.05539
2025-03-14,75_Qiagen_DNeasy_050_Conj_R_2_S59,Pseudomonas tolaasii,29442,S,3852,4222,8074,0.06129
2025-03-14,75_Qiagen_DNeasy_050_Conj_R_2_S59,Escherichia coli,562,S,76,10889,10965,0.08324
2025-03-14,75_Qiagen_DNeasy_050_Conj_R_2_S59,Delftia tsuruhatensis,180282,S,5706,1262,6968,0.05290
2025-03-14,75_Qiagen_DNeasy_050_Conj_R_2_S59,Cutibacterium acnes,1747,S,12640,67,12707,0.09646
2025-03-14,75_Qiagen_DNeasy_050_Conj_R_2_S59,Trypanosoma cruzi,5693,S,12368,3304,15672,0.11897
2025-03-14,75_Qiagen_DNeasy_050_Conj_R_2_S59,Cryptosporidium hominis,237895,S,7327,1166,8493,0.06447
2025-03-14,76_Qiagen_DNeasy_050_Lid_R_2_S60,Cutibacterium acnes,1747,S,223515,1548,225063,0.43329
2025-03-14,76_Qiagen_DNeasy_050_Lid_R_2_S60,Trypanosoma cruzi,5693,S,33655,5906,39561,0.07616
2025-03-14,77_Qiagen_DNeasy_050_Skin_R_2_S61,Cutibacterium acnes,1747,S,412987,2427,415414,0.73342
2025-03-14,78_Qiagen_DNeasy_050_Conj_R_3_S62,Salinivibrio sp. YCSC6,2003370,S,14898,9066,23964,0.14405
2025-03-14,78_Qiagen_DNeasy_050_Conj_R_3_S62,Salinivibrio costicola,51367,S,14632,8981,23613,0.14194
2025-03-14,78_Qiagen_DNeasy_050_Conj_R_3_S62,Xanthomonas campestris,339,S,9133,122,9255,0.05563
2025-03-14,78_Qiagen_DNeasy_050_Conj_R_3_S62,Cutibacterium acnes,1747,S,12362,87,12449,0.07483
2025-03-14,78_Qiagen_DNeasy_050_Conj_R_3_S62,Trypanosoma cruzi,5693,S,12548,2253,14801,0.08897
2025-03-14,79_Qiagen_DNeasy_050_Lid_R_3_S63,Cutibacterium acnes,1747,S,14651,108,14759,0.40120
2025-03-14,80_Qiagen_DNeasy_050_Skin_R_3_S64,Cutibacterium acnes,1747,S,206187,1414,207601,0.61123
2025-03-14,81_Qiagen_DNeasy_051_Conj_L_1_S65,Salinivibrio sp. YCSC6,2003370,S,3689,1794,5483,0.16330
2025-03-14,81_Qiagen_DNeasy_051_Conj_L_1_S65,Salinivibrio costicola,51367,S,3500,1725,5225,0.15562
2025-03-14,83_Qiagen_DNeasy_051_Skin_L_1_S67,Cutibacterium acnes,1747,S,22697,215,22912,0.21874
2025-03-14,84_Qiagen_DNeasy_051_Conj_L_2_S68,Salinivibrio sp. YCSC6,2003370,S,1794,1077,2871,0.10118
2025-03-14,84_Qiagen_DNeasy_051_Conj_L_2_S68,Salinivibrio costicola,51367,S,1774,1073,2847,0.10034
2025-03-14,84_Qiagen_DNeasy_051_Conj_L_2_S68,Trypanosoma cruzi,5693,S,2212,427,2639,0.09301
2025-03-14,85_Qiagen_DNeasy_051_Lid_L_2_S69,Cutibacterium acnes,1747,S,9631,102,9733,0.10774
2025-03-14,85_Qiagen_DNeasy_051_Lid_L_2_S69,Salinivibrio sp. YCSC6,2003370,S,3166,1935,5101,0.05647
2025-03-14,85_Qiagen_DNeasy_051_Lid_L_2_S69,Salinivibrio costicola,51367,S,2926,1814,4740,0.05247
2025-03-14,85_Qiagen_DNeasy_051_Lid_L_2_S69,Xanthomonas campestris,339,S,4856,111,4967,0.05498
2025-03-14,85_Qiagen_DNeasy_051_Lid_L_2_S69,Pseudomonas tolaasii,29442,S,1907,3075,4982,0.05515
2025-03-14,85_Qiagen_DNeasy_051_Lid_L_2_S69,Trypanosoma cruzi,5693,S,5181,1608,6789,0.07515
2025-03-14,86_Qiagen_DNeasy_051_Skin_L_2_S70,Cutibacterium acnes,1747,S,123848,1742,125590,0.15570
2025-03-14,87_Qiagen_DNeasy_051_Conj_L_3_S71,Rothia mucilaginosa,43675,S,3379,26,3405,0.11704
2025-03-14,87_Qiagen_DNeasy_051_Conj_L_3_S71,Trypanosoma cruzi,5693,S,2282,361,2643,0.09085
2025-03-14,88_Qiagen_DNeasy_051_Lid_L_3_S72,Cutibacterium acnes,1747,S,17537,203,17740,0.18943
2025-03-14,89_Qiagen_DNeasy_051_Skin_L_3_S73,Cutibacterium acnes,1747,S,37302,450,37752,0.27185
2025-03-14,8_Zymo_Micro_Prep_CS_008_Right_Eye_S88,Cutibacterium acnes,1747,S,765,6,771,0.06165
2025-03-14,90_Qiagen_DNeasy_049_ISO_Cont_1_S74,Trypanosoma cruzi,5693,S,230439,27440,257879,0.30146
2025-03-14,90_Qiagen_DNeasy_049_ISO_Cont_1_S74,Salinivibrio sp. YCSC6,2003370,S,41683,27017,68700,0.08031
2025-03-14,90_Qiagen_DNeasy_049_ISO_Cont_1_S74,Salinivibrio costicola,51367,S,40777,26564,67341,0.07872
2025-03-14,90_Qiagen_DNeasy_049_ISO_Cont_1_S74,Pseudomonas tolaasii,29442,S,19080,54283,73363,0.08576
2025-03-14,91_Qiagen_DNeasy_050_ISO_Cont_1_S75,Trypanosoma cruzi,5693,S,311877,89197,401074,0.26893
2025-03-14,91_Qiagen_DNeasy_050_ISO_Cont_1_S75,Cryptosporidium hominis,237895,S,122628,48814,171442,0.11496
2025-03-14,91_Qiagen_DNeasy_050_ISO_Cont_1_S75,Salinivibrio sp. YCSC6,2003370,S,47207,32604,79811,0.05352
2025-03-14,91_Qiagen_DNeasy_050_ISO_Cont_1_S75,Salinivibrio costicola,51367,S,44931,30785,75716,0.05077
2025-03-14,91_Qiagen_DNeasy_050_ISO_Cont_1_S75,Pseudomonas tolaasii,29442,S,52906,97145,150051,0.10061
2025-03-14,91_Qiagen_DNeasy_050_ISO_Cont_1_S75,Salmonella enterica,28901,S,4443,100421,104864,0.07031
2025-03-14,91_Qiagen_DNeasy_050_ISO_Cont_1_S75,Escherichia coli,562,S,1572,90707,92279,0.06188
2025-03-14,93_Qiagen_DNeasy_050_ISO_Cont_3_S77,Salinivibrio sp. YCSC6,2003370,S,106677,59247,165924,0.10199
2025-03-14,93_Qiagen_DNeasy_050_ISO_Cont_3_S77,Salinivibrio costicola,51367,S,102214,57951,160165,0.09845
2025-03-14,93_Qiagen_DNeasy_050_ISO_Cont_3_S77,Salmonella enterica,28901,S,70454,187058,257512,0.15829
2025-03-14,93_Qiagen_DNeasy_050_ISO_Cont_3_S77,Escherichia coli,562,S,21369,154313,175682,0.10799
2025-03-14,93_Qiagen_DNeasy_050_ISO_Cont_3_S77,Pseudomonas aeruginosa,287,S,35028,87403,122431,0.07526
2025-03-14,93_Qiagen_DNeasy_050_ISO_Cont_3_S77,Trypanosoma cruzi,5693,S,159742,30175,189917,0.11674
2025-03-14,94_Qiagen_DNeasy_049_ISO_Cont_3_S78,Salinivibrio sp. YCSC6,2003370,S,28654,18460,47114,0.09192
2025-03-14,94_Qiagen_DNeasy_049_ISO_Cont_3_S78,Salinivibrio costicola,51367,S,27998,18230,46228,0.09019
2025-03-14,94_Qiagen_DNeasy_049_ISO_Cont_3_S78,Salmonella enterica,28901,S,6229,61289,67518,0.13173
2025-03-14,94_Qiagen_DNeasy_049_ISO_Cont_3_S78,Escherichia coli,562,S,2159,37050,39209,0.07650
2025-03-14,94_Qiagen_DNeasy_049_ISO_Cont_3_S78,Trypanosoma cruzi,5693,S,61879,12276,74155,0.14468
2025-03-14,94_Qiagen_DNeasy_049_ISO_Cont_3_S78,Cryptosporidium hominis,237895,S,28924,5338,34262,0.06684
2025-03-14,95_Qiagen_DNeasy_MCS_OMR_B1001_S79,Salmonella enterica,28901,S,2833408,2554375,5387783,0.30290
2025-03-14,95_Qiagen_DNeasy_MCS_OMR_B1001_S79,Escherichia coli,562,S,806877,3178593,3985470,0.22406
2025-03-14,95_Qiagen_DNeasy_MCS_OMR_B1001_S79,Pseudomonas aeruginosa,287,S,1436761,2545460,3982221,0.22388
2025-03-14,95_Qiagen_DNeasy_MCS_OMR_B1001_S79,Bacillus subtilis,1423,S,99768,1108420,1208188,0.06792
2025-03-14,95_Qiagen_DNeasy_MCS_OMR_B1001_S79,Bacillus intestinalis,1963032,S,3264,1116409,1119673,0.06295
2025-03-14,96_Qiagen_DNeasy_OMR_B1001_S80,Salinivibrio sp. YCSC6,2003370,S,95018,53518,148536,0.06610
2025-03-14,96_Qiagen_DNeasy_OMR_B1001_S80,Salinivibrio costicola,51367,S,91027,52343,143370,0.06380
2025-03-14,96_Qiagen_DNeasy_OMR_B1001_S80,Salmonella enterica,28901,S,52574,308972,361546,0.16089
2025-03-14,96_Qiagen_DNeasy_OMR_B1001_S80,Escherichia coli,562,S,16388,194357,210745,0.09379
2025-03-14,96_Qiagen_DNeasy_OMR_B1001_S80,Trypanosoma cruzi,5693,S,284822,70528,355350,0.15814
2025-03-14,96_Qiagen_DNeasy_OMR_B1001_S80,Cryptosporidium hominis,237895,S,160893,22523,183416,0.08162
2024-10-28,MasterPure_MCS_7_S56,Salmonella enterica,28901,S,3658078,3056211,6714289,0.29855
2024-10-28,MasterPure_MCS_7_S56,Escherichia coli,562,S,1045175,3887726,4932901,0.21934
2024-10-28,MasterPure_MCS_7_S56,Pseudomonas aeruginosa,287,S,1976383,3338168,5314551,0.23631
2024-10-28,MasterPure_MCS_7_S56,Bacillus subtilis,1423,S,124554,1289121,1413675,0.06286
2024-10-28,MasterPure_MCS_7_S56,Bacillus intestinalis,1963032,S,4221,1389743,1393964,0.06198
2024-10-28,MasterPure_MCS_HostZero_3_S3,Lactobacillus fermentum,1613,S,4523773,96259,4620032,0.21206
2024-10-28,MasterPure_MCS_HostZero_3_S3,Enterococcus faecalis,1351,S,1753721,95674,1849395,0.08489
2024-10-28,MasterPure_MCS_HostZero_3_S3,Listeria monocytogenes,1639,S,1250510,58332,1308842,0.06008
2024-10-28,MasterPure_MCS_HostZero_3_S3,Salmonella enterica,28901,S,553826,543914,1097740,0.05039
2024-10-28,MasterPure_MCS_HostZero_3_S3,Saccharomyces cerevisiae,4932,S,7646986,8335,7655321,0.35138
2024-10-28,MasterPure_MCS_MolYsis_1_S59,Bacillus subtilis,1423,S,438233,4477250,4915483,0.28018
2024-10-28,MasterPure_MCS_MolYsis_1_S59,Bacillus intestinalis,1963032,S,14523,4722833,4737356,0.27003
2024-10-28,MasterPure_MCS_MolYsis_1_S59,Listeria monocytogenes,1639,S,1347613,56030,1403643,0.08001
2024-10-28,MasterPure_MCS_MolYsis_1_S59,Enterococcus faecalis,1351,S,1257355,48885,1306240,0.07445
2024-10-28,MasterPure_MCS_MolYsis_1_S59,Saccharomyces cerevisiae,4932,S,1890333,2622,1892955,0.10790
2024-10-28,MasterPure_MCS_NEB_5_S34,Salmonella enterica,28901,S,3527469,3021049,6548518,0.29606
2024-10-28,MasterPure_MCS_NEB_5_S34,Escherichia coli,562,S,1022615,3847928,4870543,0.22020
2024-10-28,MasterPure_MCS_NEB_5_S34,Pseudomonas aeruginosa,287,S,1887572,3231108,5118680,0.23142
2024-10-28,MasterPure_MCS_NEB_5_S34,Bacillus subtilis,1423,S,124770,1315231,1440001,0.06510
2024-10-28,MasterPure_MCS_NEB_5_S34,Bacillus intestinalis,1963032,S,4080,1415382,1419462,0.06417
2024-10-28,MasterPure_OMR_8_S22,Burkholderia contaminans,488447,S,963490,147742,1111232,0.23320
2024-10-28,MasterPure_OMR_8_S22,Bradyrhizobium sp. SK17,2057741,S,254034,23230,277264,0.05819
2024-10-28,MasterPure_OMR_HostZero_4_S24,Burkholderia contaminans,488447,S,428312,67721,496033,0.18837
2024-10-28,MasterPure_OMR_MolYsis_2_S42,Burkholderia contaminans,488447,S,517797,77912,595709,0.16345
2024-10-28,MasterPure_OMR_MolYsis_2_S42,Salmonella enterica,28901,S,100420,118459,218879,0.06005
2024-10-28,MasterPure_OMR_NEB_6_S15,Bradyrhizobium sp. SK17,2057741,S,910665,50561,961226,0.13803
2024-10-28,MasterPure_OMR_NEB_6_S15,Burkholderia contaminans,488447,S,1205071,196752,1401823,0.20130
2024-10-28,Molzym_Ultra-Deep_MCS_1_S11,Bacillus subtilis,1423,S,191165,2420096,2611261,0.21724
2024-10-28,Molzym_Ultra-Deep_MCS_1_S11,Bacillus intestinalis,1963032,S,4579,1717104,1721683,0.14323
2024-10-28,Molzym_Ultra-Deep_MCS_1_S11,Listeria monocytogenes,1639,S,1806068,107671,1913739,0.15921
2024-10-28,Molzym_Ultra-Deep_MCS_1_S11,Enterococcus faecalis,1351,S,1081969,41046,1123015,0.09343
2024-10-28,Molzym_Ultra-Deep_MCS_1_S11,Salmonella enterica,28901,S,497893,580312,1078205,0.08970
2024-10-28,Molzym_Ultra-Deep_MCS_1_S11,Escherichia coli,562,S,172291,640200,812491,0.06759
2024-10-28,Molzym_Ultra-Deep_MCS_1_S11,Pseudomonas aeruginosa,287,S,213367,480323,693690,0.05771
2024-10-28,Molzym_Ultra-Deep_MCS_HostZero_3_S19,Salmonella enterica,28901,S,982393,1164795,2147188,0.26432
2024-10-28,Molzym_Ultra-Deep_MCS_HostZero_3_S19,Escherichia coli,562,S,330525,1230790,1561315,0.19220
2024-10-28,Molzym_Ultra-Deep_MCS_HostZero_3_S19,Pseudomonas aeruginosa,287,S,401275,916586,1317861,0.16223
2024-10-28,Molzym_Ultra-Deep_MCS_HostZero_3_S19,Bacillus subtilis,1423,S,39431,508391,547822,0.06744
2024-10-28,Molzym_Ultra-Deep_MCS_HostZero_3_S19,Lactobacillus fermentum,1613,S,628863,16787,645650,0.07948
2024-10-28,Molzym_Ultra-Deep_MCS_HostZero_3_S19,Enterococcus faecalis,1351,S,405538,14609,420147,0.05172
2024-10-28,Molzym_Ultra-Deep_MCS_NEB_5_S44,Bacillus subtilis,1423,S,225509,2559143,2784652,0.21121
2024-10-28,Molzym_Ultra-Deep_MCS_NEB_5_S44,Bacillus intestinalis,1963032,S,6961,2366699,2373660,0.18003
2024-10-28,Molzym_Ultra-Deep_MCS_NEB_5_S44,Listeria monocytogenes,1639,S,1303586,61397,1364983,0.10353
2024-10-28,Molzym_Ultra-Deep_MCS_NEB_5_S44,Enterococcus faecalis,1351,S,658931,25314,684245,0.05190
2024-10-28,Molzym_Ultra-Deep_MCS_NEB_5_S44,Salmonella enterica,28901,S,491735,432881,924616,0.07013
2024-10-28,Molzym_Ultra-Deep_MCS_NEB_5_S44,Escherichia coli,562,S,159546,570739,730285,0.05539
2024-10-28,Molzym_Ultra-Deep_OMR_2_S10,Burkholderia contaminans,488447,S,838510,181756,1020266,0.21445
2024-10-28,Molzym_Ultra-Deep_OMR_2_S10,Bradyrhizobium sp. SK17,2057741,S,268180,23504,291684,0.06131
2024-10-28,Molzym_Ultra-Deep_OMR_HostZero_4_S37,Burkholderia contaminans,488447,S,111345,27051,138396,0.16814
2024-10-28,Molzym_Ultra-Deep_OMR_HostZero_4_S37,Bradyrhizobium sp. SK17,2057741,S,47200,3426,50626,0.06151
2024-10-28,Molzym_Ultra-Deep_OMR_HostZero_4_S37,Salmonella enterica,28901,S,13680,43595,57275,0.06959
2024-10-28,Molzym_Ultra-Deep_OMR_NEB_6_S32,Burkholderia contaminans,488447,S,1393560,226754,1620314,0.24388
2024-10-28,Molzym_Ultra-Deep_OMR_NEB_6_S32,Bradyrhizobium sp. SK17,2057741,S,365746,33965,399711,0.06016
2024-03-14,Molzym_Ultra_Deep_Air_Ctr_3_S20,Bradyrhizobium sp. SK17,2057741,S,3015015,118882,3133897,0.44917
2024-03-14,Molzym_Ultra_Deep_Air_Ctr_3_S20,Burkholderia contaminans,488447,S,1003092,253520,1256612,0.18011
2024-03-14,Molzym_Ultra_Deep_LE_Lt_2_S23,Bradyrhizobium sp. SK17,2057741,S,720098,29132,749230,0.18065
2024-03-14,Molzym_Ultra_Deep_LE_Lt_2_S23,Burkholderia contaminans,488447,S,293185,91494,384679,0.09275
2024-03-14,Molzym_Ultra_Deep_LE_Lt_2_S23,Trypanosoma cruzi,5693,S,238315,73362,311677,0.07515
2024-03-14,Molzym_Ultra_Deep_LE_Rt_1_S1,Bradyrhizobium sp. SK17,2057741,S,738941,30854,769795,0.33908
2024-03-14,Molzym_Ultra_Deep_LE_Rt_1_S1,Burkholderia contaminans,488447,S,239621,81181,320802,0.14131
2024-03-14,Molzym_Ultra_Deep_LE_Rt_1_S1,Trypanosoma cruzi,5693,S,103943,19251,123194,0.05427
2024-03-14,Molzym_Ultra_Deep_MCS_1-100_4_S8,Enterococcus faecalis,1351,S,19437997,620067,20058064,0.29006
2024-03-14,Molzym_Ultra_Deep_MCS_1-100_4_S8,Lactobacillus fermentum,1613,S,14068382,328573,14396955,0.20820
2024-03-14,Molzym_Ultra_Deep_MCS_1-100_4_S8,Listeria monocytogenes,1639,S,13249526,597976,13847502,0.20025
2024-03-14,Molzym_Ultra_Deep_MCS_1-100_4_S8,Bacillus subtilis,1423,S,409162,4422785,4831947,0.06988
2024-03-14,Molzym_Ultra_Deep_MCS_1-100_4_S8,Bacillus intestinalis,1963032,S,12519,4337105,4349624,0.06290
2024-03-14,Molzym_Ultra_Deep_MCS_1-100_4_S8,Staphylococcus aureus,1280,S,6449893,364761,6814654,0.09855
2024-10-28,Water_S63,Burkholderia contaminans,488447,S,180449,31647,212096,0.24865
2024-10-28,Water_S63,Bradyrhizobium sp. SK17,2057741,S,46968,4242,51210,0.06004
2024-03-14,Zymo_Magbead_Air_Ctr_3_S4,Bradyrhizobium sp. SK17,2057741,S,14319368,573229,14892597,0.39694
2024-03-14,Zymo_Magbead_Air_Ctr_3_S4,Burkholderia contaminans,488447,S,6400296,1372250,7772546,0.20716
2024-03-14,Zymo_Magbead_LE_Lt_2_S16,Cutibacterium acnes,1747,S,18275,196,18471,0.05414
2024-03-14,Zymo_Magbead_LE_Rt_1_S9,Prevotella melaninogenica,28132,S,43814,2804,46618,0.05283
2024-03-14,Zymo_Magbead_LE_Rt_1_S9,Trypanosoma cruzi,5693,S,59351,12761,72112,0.08172
2024-03-14,Zymo_Magbead_MCS_1-100_4_S22,Bradyrhizobium sp. SK17,2057741,S,14646860,554029,15200889,0.41304
2024-03-14,Zymo_Magbead_MCS_1-100_4_S22,Burkholderia contaminans,488447,S,5313965,917525,6231490,0.16932
2024-03-14,Zymo_Mini_prep_Air_Ctr_3_S19,Bradyrhizobium sp. SK17,2057741,S,14770229,525789,15296018,0.45954
2024-03-14,Zymo_Mini_prep_Air_Ctr_3_S19,Burkholderia contaminans,488447,S,5665972,1063513,6729485,0.20218
2024-10-28,Zymo_Mini_Prep_CS_001_Air_Swab_S8,Burkholderia contaminans,488447,S,362070,60923,422993,0.23918
2024-10-28,Zymo_Mini_Prep_CS_001_Air_Swab_S8,Bradyrhizobium sp. SK17,2057741,S,106528,9256,115784,0.06547
2024-10-28,Zymo_Mini_Prep_CS_001_Right_Eye_S46,Burkholderia contaminans,488447,S,598328,123530,721858,0.23618
2024-10-28,Zymo_Mini_Prep_CS_001_Right_Eye_S46,Bradyrhizobium sp. SK17,2057741,S,178738,15736,194474,0.06363
2024-10-28,Zymo_Mini_Prep_CS_002_Air_Swab_S64,Burkholderia contaminans,488447,S,492279,92941,585220,0.24069
2024-10-28,Zymo_Mini_Prep_CS_002_Air_Swab_S64,Bradyrhizobium sp. SK17,2057741,S,145958,13126,159084,0.06543
2024-10-28,Zymo_Mini_Prep_CS_002_Left_Eye_S43,Burkholderia contaminans,488447,S,39764,7366,47130,0.23440
2024-10-28,Zymo_Mini_Prep_CS_002_Left_Eye_S43,Bradyrhizobium sp. SK17,2057741,S,11876,1004,12880,0.06406
2024-10-28,Qiagen_Dneasy_CS_005_Air_Swab_S67,Burkholderia contaminans,488447,S,1035520,179887,1215407,0.20825
2024-10-28,Qiagen_Dneasy_CS_005_Air_Swab_S67,Bradyrhizobium sp. SK17,2057741,S,329674,27558,357232,0.06121
2024-10-28,Qiagen_Dneasy_CS_005_Right_Eye_S54,Burkholderia contaminans,488447,S,21848,4239,26087,0.19318
2024-10-28,Qiagen_Dneasy_CS_005_Right_Eye_S54,Bradyrhizobium sp. SK17,2057741,S,6428,582,7010,0.05191
2024-10-28,Qiagen_Dneasy_CS_006_7_8_Air_Swab_S51,Burkholderia contaminans,488447,S,684449,127329,811778,0.18700
2024-10-28,Qiagen_Dneasy_CS_006_7_8_Air_Swab_S51,Bradyrhizobium sp. SK17,2057741,S,213561,18719,232280,0.05351
2024-10-28,Qiagen_Dneasy_CS_006_7_8_Air_Swab_S51,Salmonella enterica,28901,S,64152,170839,234991,0.05413
2024-10-28,Qiagen_Dneasy_CS_006_Left_Eye_S31,Burkholderia contaminans,488447,S,12914,2302,15216,0.17596
2024-10-28,Qiagen_Dneasy_CS_006_Left_Eye_S31,Bradyrhizobium sp. SK17,2057741,S,4084,367,4451,0.05147
2024-10-28,Qiagen_Dneasy_CS_007_Right_Eye_S4,Burkholderia contaminans,488447,S,5095,1013,6108,0.19048
2024-10-28,Qiagen_Dneasy_CS_008_Left_Eye_S33,Bacillus subtilis,1423,S,2097,24147,26244,0.10213
2024-10-28,Qiagen_Dneasy_CS_008_Left_Eye_S33,Bacillus intestinalis,1963032,S,66,26084,26150,0.10176
2024-10-28,Qiagen_Dneasy_CS_008_Left_Eye_S33,Burkholderia contaminans,488447,S,25017,4269,29286,0.11396
2024-10-28,Qiagen_Dneasy_CS_009_10_Air_Swab_S48,Burkholderia contaminans,488447,S,876132,155672,1031804,0.17614
2024-10-28,Qiagen_Dneasy_CS_009_10_Air_Swab_S48,Bradyrhizobium sp. SK17,2057741,S,288146,23897,312043,0.05327
2024-10-28,Qiagen_Dneasy_CS_009_10_Air_Swab_S48,Salmonella enterica,28901,S,104875,260347,365222,0.06235
2024-10-28,Qiagen_Dneasy_CS_009_Right_Eye_S41,Burkholderia contaminans,488447,S,4361,1006,5367,0.14106
2024-10-28,Qiagen_Dneasy_CS_010_Left_Eye_S45,Cutibacterium acnes,1747,S,106740,905,107645,0.31680
2024-10-28,Qiagen_Dneasy_CS_010_Left_Eye_S45,Burkholderia contaminans,488447,S,26416,4456,30872,0.09086
2024-10-28,Qiagen_Dneasy_CS_010_Left_Eye_S45,Salmonella enterica,28901,S,6544,13111,19655,0.05785
2024-03-14,Qiagen_DNeasy_LE_Lt_2_S12,Burkholderia contaminans,488447,S,312631,60113,372744,0.07567
2024-03-14,Qiagen_DNeasy_LE_Lt_2_S12,Bradyrhizobium sp. SK17,2057741,S,288127,15178,303305,0.06157
2024-03-14,Qiagen_DNeasy_LE_Lt_2_S12,Haemophilus parainfluenzae,729,S,266272,14310,280582,0.05696
2024-03-14,Qiagen_DNeasy_LE_Lt_2_S12,Prevotella melaninogenica,28132,S,431389,23608,454997,0.09237
2024-03-14,Qiagen_DNeasy_MCS_1-100_4_S18,Bacillus subtilis,1423,S,524323,6005268,6529591,0.06753
2024-03-14,Qiagen_DNeasy_MCS_1-100_4_S18,Bacillus intestinalis,1963032,S,15906,5696445,5712351,0.05908
2024-03-14,Qiagen_DNeasy_MCS_1-100_4_S18,Listeria monocytogenes,1639,S,11867779,552669,12420448,0.12846
2024-03-14,Qiagen_DNeasy_MCS_1-100_4_S18,Lactobacillus fermentum,1613,S,13520732,329031,13849763,0.14324
2024-03-14,Qiagen_DNeasy_MCS_1-100_4_S18,Enterococcus faecalis,1351,S,8087331,273637,8360968,0.08647
2024-03-14,Qiagen_DNeasy_MCS_1-100_4_S18,Salmonella enterica,28901,S,9062790,8735426,17798216,0.18407
2024-03-14,Qiagen_DNeasy_MCS_1-100_4_S18,Escherichia coli,562,S,2708983,10813088,13522071,0.13985
2024-03-14,Qiagen_DNeasy_MCS_1-100_4_S18,Pseudomonas aeruginosa,287,S,4672577,8683250,13355827,0.13813
2024-10-28,Qiagen_DNeasy_MCS_1_in_OMR_BD801_S47,Salmonella enterica,28901,S,4040720,3806335,7847055,0.29575
2024-10-28,Qiagen_DNeasy_MCS_1_in_OMR_BD801_S47,Escherichia coli,562,S,1131462,4557999,5689461,0.21443
2024-10-28,Qiagen_DNeasy_MCS_1_in_OMR_BD801_S47,Pseudomonas aeruginosa,287,S,2427041,4511386,6938427,0.26150
2024-10-28,Qiagen_DNeasy_MCS_1_in_OMR_BD801_S47,Bacillus subtilis,1423,S,134827,1535305,1670132,0.06295
2024-10-28,Qiagen_DNeasy_MCS_1_in_OMR_BD801_S47,Bacillus intestinalis,1963032,S,4290,1564924,1569214,0.05914
2024-10-28,Qiagen_DNeasy_MCS_2_in_OMR_BH802_S23,Salmonella enterica,28901,S,3042587,3021157,6063744,0.29595
2024-10-28,Qiagen_DNeasy_MCS_2_in_OMR_BH802_S23,Escherichia coli,562,S,881547,3557836,4439383,0.21667
2024-10-28,Qiagen_DNeasy_MCS_2_in_OMR_BH802_S23,Pseudomonas aeruginosa,287,S,1791121,3498516,5289637,0.25817
2024-10-28,Qiagen_DNeasy_MCS_2_in_OMR_BH802_S23,Bacillus subtilis,1423,S,103798,1214603,1318401,0.06435
2024-10-28,Qiagen_DNeasy_MCS_2_in_OMR_BH802_S23,Bacillus intestinalis,1963032,S,3135,1183008,1186143,0.05789
2024-10-28,Qiagen_DNeasy_MCS_7_S2,Salmonella enterica,28901,S,3336459,3219525,6555984,0.29248
2024-10-28,Qiagen_DNeasy_MCS_7_S2,Escherichia coli,562,S,958441,3830223,4788664,0.21364
2024-10-28,Qiagen_DNeasy_MCS_7_S2,Pseudomonas aeruginosa,287,S,1987020,3781448,5768468,0.25735
2024-10-28,Qiagen_DNeasy_MCS_7_S2,Bacillus subtilis,1423,S,115262,1272108,1387370,0.06189
2024-10-28,Qiagen_DNeasy_MCS_7_S2,Bacillus intestinalis,1963032,S,3508,1358230,1361738,0.06075
2024-10-28,Qiagen_DNeasy_MCS_HostZero_3_S5,Bacillus subtilis,1423,S,185468,2250834,2436302,0.20083
2024-10-28,Qiagen_DNeasy_MCS_HostZero_3_S5,Bacillus cereus,1396,S,179116,615762,794878,0.06552
2024-10-28,Qiagen_DNeasy_MCS_HostZero_3_S5,Bacillus intestinalis,1963032,S,4397,1593139,1597536,0.13169
2024-10-28,Qiagen_DNeasy_MCS_HostZero_3_S5,Lactobacillus fermentum,1613,S,680149,24156,704305,0.05806
2024-10-28,Qiagen_DNeasy_MCS_HostZero_3_S5,Saccharomyces cerevisiae,4932,S,4361407,10032,4371439,0.36034
2024-10-28,Qiagen_DNeasy_MCS_MolYsis_1_S72,Bacillus subtilis,1423,S,408325,5077622,5485947,0.27161
2024-10-28,Qiagen_DNeasy_MCS_MolYsis_1_S72,Bacillus intestinalis,1963032,S,10732,4126360,4137092,0.20482
2024-10-28,Qiagen_DNeasy_MCS_MolYsis_1_S72,Listeria monocytogenes,1639,S,3522708,195748,3718456,0.18410
2024-10-28,Qiagen_DNeasy_MCS_MolYsis_1_S72,Enterococcus faecalis,1351,S,1821355,72264,1893619,0.09375
2024-10-28,Qiagen_DNeasy_MCS_NEB_5_S60,Salmonella enterica,28901,S,3677731,3154406,6832137,0.28777
2024-10-28,Qiagen_DNeasy_MCS_NEB_5_S60,Escherichia coli,562,S,1074198,4130483,5204681,0.21923
2024-10-28,Qiagen_DNeasy_MCS_NEB_5_S60,Pseudomonas aeruginosa,287,S,2269711,3890587,6160298,0.25948
2024-10-28,Qiagen_DNeasy_MCS_NEB_5_S60,Bacillus subtilis,1423,S,134536,1395600,1530136,0.06445
2024-10-28,Qiagen_DNeasy_MCS_NEB_5_S60,Bacillus intestinalis,1963032,S,4512,1546283,1550795,0.06532
2024-10-28,Qiagen_DNeasy_OMR1_BD801_S61,Salmonella enterica,28901,S,346187,493273,839460,0.14763
2024-10-28,Qiagen_DNeasy_OMR1_BD801_S61,Escherichia coli,562,S,105448,489621,595069,0.10465
2024-10-28,Qiagen_DNeasy_OMR1_BD801_S61,Pseudomonas aeruginosa,287,S,200922,438363,639285,0.11242
2024-10-28,Qiagen_DNeasy_OMR1_BD801_S61,Burkholderia contaminans,488447,S,500023,102704,602727,0.10599
2024-10-28,Qiagen_DNeasy_OMR2_BH802_S12,Burkholderia contaminans,488447,S,1022137,186013,1208150,0.21333
2024-10-28,Qiagen_DNeasy_OMR2_BH802_S12,Bradyrhizobium sp. SK17,2057741,S,303269,27519,330788,0.05841
2024-10-28,Qiagen_DNeasy_OMR_2_S74,Burkholderia contaminans,488447,S,644133,175202,819335,0.24257
2024-10-28,Qiagen_DNeasy_OMR_2_S74,Bradyrhizobium sp. SK17,2057741,S,212381,18255,230636,0.06828
2024-10-28,Qiagen_DNeasy_OMR_HostZero_4_S38,Burkholderia contaminans,488447,S,230882,77600,308482,0.22272
2024-10-28,Qiagen_DNeasy_OMR_HostZero_4_S38,Bradyrhizobium sp. SK17,2057741,S,85478,6864,92342,0.06667
2024-10-28,Qiagen_DNeasy_OMR_HostZero_4_S38,Pseudomonas tolaasii,29442,S,20898,54065,74963,0.05412
2024-10-28,Qiagen_DNeasy_OMR_NEB_6_S57,Burkholderia contaminans,488447,S,1489998,261618,1751616,0.25637
2024-10-28,Qiagen_DNeasy_OMR_NEB_6_S57,Bradyrhizobium sp. SK17,2057741,S,424843,37695,462538,0.06770
2024-10-28,Qiagen_DNeasy_Water_S70,Burkholderia contaminans,488447,S,798622,133682,932304,0.20087
2024-10-28,Qiagen_DNeasy_Water_S70,Bradyrhizobium sp. SK17,2057741,S,228872,20932,249804,0.05382
2024-03-14,Qiagen_Soil_Air_Ctr_3_S2,Enterococcus faecalis,1351,S,55,10,65,0.08366
2024-03-14,Qiagen_Soil_Air_Ctr_3_S2,Lactobacillus fermentum,1613,S,50,3,53,0.06821
2024-03-14,Qiagen_Soil_Air_Ctr_3_S2,Bacillus subtilis,1423,S,2,66,68,0.08752
2024-03-14,Qiagen_Soil_Air_Ctr_3_S2,Listeria monocytogenes,1639,S,33,10,43,0.05534
2024-03-14,Qiagen_Soil_Air_Ctr_3_S2,Staphylococcus aureus,1280,S,19,32,51,0.06564
2024-03-14,Qiagen_Soil_Air_Ctr_3_S2,Delftia tsuruhatensis,180282,S,33,6,39,0.05019
2024-03-14,Qiagen_Soil_LE_Lt_2_S14,Bradyrhizobium sp. SK17,2057741,S,1937,101,2038,0.14442
2024-03-14,Qiagen_Soil_LE_Rt_1_S15,Bradyrhizobium sp. SK17,2057741,S,3331,84,3415,0.40390
2024-03-14,Qiagen_Soil_MCS_1-100_4_S5,Salmonella enterica,28901,S,1747723,1768469,3516192,0.20043
2024-03-14,Qiagen_Soil_MCS_1-100_4_S5,Escherichia coli,562,S,554981,2254693,2809674,0.16016
2024-03-14,Qiagen_Soil_MCS_1-100_4_S5,Pseudomonas aeruginosa,287,S,988283,1909066,2897349,0.16516
2024-03-14,Qiagen_Soil_MCS_1-100_4_S5,Bacillus subtilis,1423,S,90192,1141864,1232056,0.07023
2024-03-14,Qiagen_Soil_MCS_1-100_4_S5,Bacillus intestinalis,1963032,S,2452,915007,917459,0.05230
2024-03-14,Qiagen_Soil_MCS_1-100_4_S5,Staphylococcus aureus,1280,S,1425765,85617,1511382,0.08615
2024-03-14,Qiagen_Soil_MCS_1-100_4_S5,Listeria monocytogenes,1639,S,1122610,55813,1178423,0.06717
2024-03-14,Qiagen_Soil_MCS_1-100_4_S5,Enterococcus faecalis,1351,S,1384687,42652,1427339,0.08136
2024-03-14,Qiagen_Soil_MCS_1-100_4_S5,Lactobacillus fermentum,1613,S,856758,20712,877470,0.05002
2024-10-28,Qiagen_Soil_MCS_1_S29,Salmonella enterica,28901,S,1451880,1272060,2723940,0.17012
2024-10-28,Qiagen_Soil_MCS_1_S29,Escherichia coli,562,S,433021,1654938,2087959,0.13040
2024-10-28,Qiagen_Soil_MCS_1_S29,Pseudomonas aeruginosa,287,S,741770,1296289,2038059,0.12728
2024-10-28,Qiagen_Soil_MCS_1_S29,Bacillus subtilis,1423,S,81909,819584,901493,0.05630
2024-10-28,Qiagen_Soil_MCS_1_S29,Bacillus intestinalis,1963032,S,2741,922612,925353,0.05779
2024-10-28,Qiagen_Soil_MCS_1_S29,Staphylococcus aureus,1280,S,1532777,91695,1624472,0.10145
2024-10-28,Qiagen_Soil_MCS_1_S29,Enterococcus faecalis,1351,S,1158559,30302,1188861,0.07425
2024-10-28,Qiagen_Soil_MCS_1_S29,Lactobacillus fermentum,1613,S,869246,17640,886886,0.05539
2024-10-28,Qiagen_Soil_OMR_8_S40,Burkholderia contaminans,488447,S,1852423,333915,2186338,0.25439
2024-10-28,Qiagen_Soil_OMR_8_S40,Bradyrhizobium sp. SK17,2057741,S,494618,45012,539630,0.06279
2024-03-14,Thermo_MagMax_Air_Ctr_3_S21,Bradyrhizobium sp. SK17,2057741,S,3837955,201027,4038982,0.22147
2024-03-14,Thermo_MagMax_Air_Ctr_3_S21,Burkholderia contaminans,488447,S,4597029,922178,5519207,0.30264
2024-03-14,Thermo_MagMax_LE_Lt_2_S11,Bradyrhizobium sp. SK17,2057741,S,376634,19495,396129,0.19440
2024-03-14,Thermo_MagMax_LE_Lt_2_S11,Burkholderia contaminans,488447,S,433318,81004,514322,0.25241
2024-03-14,Thermo_MagMax_LE_Rt_1_S7,Bradyrhizobium sp. SK17,2057741,S,6517883,334732,6852615,0.25185
2024-03-14,Thermo_MagMax_LE_Rt_1_S7,Burkholderia contaminans,488447,S,7371059,1353837,8724896,0.32066
2024-03-14,Thermo_MagMax_MCS_1-100_4_S24,Bradyrhizobium sp. SK17,2057741,S,5182897,266355,5449252,0.22259
2024-03-14,Thermo_MagMax_MCS_1-100_4_S24,Burkholderia contaminans,488447,S,6072361,1002549,7074910,0.28899
2024-10-28,Zymo_Mini_Prep_CS_003_Right_Eye_S13,Burkholderia contaminans,488447,S,118462,20364,138826,0.24526
2024-10-28,Zymo_Mini_Prep_CS_003_Right_Eye_S13,Bradyrhizobium sp. SK17,2057741,S,34966,3078,38044,0.06721
2024-10-28,Zymo_Mini_Prep_CS_004_Air_Swab_S66,Burkholderia contaminans,488447,S,320999,54102,375101,0.23527
2024-10-28,Zymo_Mini_Prep_CS_004_Air_Swab_S66,Bradyrhizobium sp. SK17,2057741,S,95261,8174,103435,0.06488
2024-10-28,Zymo_Mini_Prep_CS_004_Left_Eye_S78,Burkholderia contaminans,488447,S,485180,86719,571899,0.23872
2024-10-28,Zymo_Mini_Prep_CS_004_Left_Eye_S78,Bradyrhizobium sp. SK17,2057741,S,143602,12338,155940,0.06509
2024-10-28,Zymo_Mini_Prep_CS_005_Air_Swab_S30,Burkholderia contaminans,488447,S,1043366,175314,1218680,0.23766
2024-10-28,Zymo_Mini_Prep_CS_005_Air_Swab_S30,Bradyrhizobium sp. SK17,2057741,S,298377,26828,325205,0.06342
2024-10-28,Zymo_Mini_Prep_CS_005_Right_Eye_S17,Burkholderia contaminans,488447,S,125782,21139,146921,0.22280
2024-10-28,Zymo_Mini_Prep_CS_005_Right_Eye_S17,Bradyrhizobium sp. SK17,2057741,S,35251,3079,38330,0.05812
2024-10-28,Zymo_Mini_Prep_CS_006_7_8_Air_Swab_S14,Burkholderia contaminans,488447,S,409938,69415,479353,0.24021
2024-10-28,Zymo_Mini_Prep_CS_006_7_8_Air_Swab_S14,Bradyrhizobium sp. SK17,2057741,S,107149,10122,117271,0.05877
2024-10-28,Zymo_Mini_Prep_CS_006_Left_Eye_S79,Burkholderia contaminans,488447,S,90494,16525,107019,0.23599
2024-10-28,Zymo_Mini_Prep_CS_006_Left_Eye_S79,Bradyrhizobium sp. SK17,2057741,S,29762,2481,32243,0.07110
2024-10-28,Zymo_Mini_Prep_CS_007_Right_Eye_S68,Burkholderia contaminans,488447,S,121766,20299,142065,0.24256
2024-10-28,Zymo_Mini_Prep_CS_007_Right_Eye_S68,Bradyrhizobium sp. SK17,2057741,S,34206,2998,37204,0.06352
2024-10-28,Zymo_Mini_Prep_CS_008_Left_Eye_S26,Burkholderia contaminans,488447,S,411291,68558,479849,0.25261
2024-10-28,Zymo_Mini_Prep_CS_008_Left_Eye_S26,Bradyrhizobium sp. SK17,2057741,S,106034,9768,115802,0.06096
2024-10-28,Zymo_Mini_Prep_CS_009_10_Air_Swab_S73,Burkholderia contaminans,488447,S,515836,88074,603910,0.24352
2024-10-28,Zymo_Mini_Prep_CS_009_10_Air_Swab_S73,Bradyrhizobium sp. SK17,2057741,S,165139,13566,178705,0.07206
2024-10-28,Zymo_Mini_Prep_CS_010_Left_Eye_S75,Burkholderia contaminans,488447,S,936339,185026,1121365,0.24674
2024-10-28,Zymo_Mini_Prep_CS_010_Left_Eye_S75,Bradyrhizobium sp. SK17,2057741,S,251389,23525,274914,0.06049
2024-03-14,Zymo_Mini_prep_LE_Lt_2_S3,Bradyrhizobium sp. SK17,2057741,S,224241,11911,236152,0.19189
2024-03-14,Zymo_Mini_prep_LE_Lt_2_S3,Burkholderia contaminans,488447,S,260397,46703,307100,0.24955
2024-03-14,Zymo_Mini_prep_LE_Rt_1_S6,Bradyrhizobium sp. SK17,2057741,S,59267,2988,62255,0.16238
2024-03-14,Zymo_Mini_prep_LE_Rt_1_S6,Burkholderia contaminans,488447,S,71211,12310,83521,0.21785
2024-03-14,Zymo_Mini_prep_MCS_1-100_4_S13,Bacillus subtilis,1423,S,317262,3326194,3643456,0.06264
2024-03-14,Zymo_Mini_prep_MCS_1-100_4_S13,Bacillus intestinalis,1963032,S,10321,3461276,3471597,0.05969
2024-03-14,Zymo_Mini_prep_MCS_1-100_4_S13,Listeria monocytogenes,1639,S,6861891,275394,7137285,0.12272
2024-03-14,Zymo_Mini_prep_MCS_1-100_4_S13,Staphylococcus aureus,1280,S,5378601,246559,5625160,0.09672
2024-03-14,Zymo_Mini_prep_MCS_1-100_4_S13,Lactobacillus fermentum,1613,S,7294623,158998,7453621,0.12815
2024-03-14,Zymo_Mini_prep_MCS_1-100_4_S13,Enterococcus faecalis,1351,S,6046048,173241,6219289,0.10693
2024-03-14,Zymo_Mini_prep_MCS_1-100_4_S13,Salmonella enterica,28901,S,4931467,4255614,9187081,0.15796
2024-03-14,Zymo_Mini_prep_MCS_1-100_4_S13,Escherichia coli,562,S,1502665,5626353,7129018,0.12257
2024-03-14,Zymo_Mini_prep_MCS_1-100_4_S13,Pseudomonas aeruginosa,287,S,2206939,3743108,5950047,0.10230
2024-10-28,Zymo_Mini_Prep_MCS_1_in_OMR_BD801_S9,Salmonella enterica,28901,S,2784428,2627282,5411710,0.26542
2024-10-28,Zymo_Mini_Prep_MCS_1_in_OMR_BD801_S9,Escherichia coli,562,S,605447,2900697,3506144,0.17196
2024-10-28,Zymo_Mini_Prep_MCS_1_in_OMR_BD801_S9,Pseudomonas aeruginosa,287,S,1470264,2606394,4076658,0.19994
2024-10-28,Zymo_Mini_Prep_MCS_1_in_OMR_BD801_S9,Lactobacillus fermentum,1613,S,4171286,54474,4225760,0.20726
2024-10-28,Zymo_Mini_Prep_MCS_2_in_OMR_BH802_S50,Listeria monocytogenes,1639,S,2626175,108208,2734383,0.14007
2024-10-28,Zymo_Mini_Prep_MCS_2_in_OMR_BH802_S50,Bacillus subtilis,1423,S,88469,992999,1081468,0.05540
2024-10-28,Zymo_Mini_Prep_MCS_2_in_OMR_BH802_S50,Staphylococcus aureus,1280,S,2083827,100186,2184013,0.11187
2024-10-28,Zymo_Mini_Prep_MCS_2_in_OMR_BH802_S50,Lactobacillus fermentum,1613,S,2340137,51034,2391171,0.12248
2024-10-28,Zymo_Mini_Prep_MCS_2_in_OMR_BH802_S50,Enterococcus faecalis,1351,S,1996489,57083,2053572,0.10519
2024-10-28,Zymo_Mini_Prep_MCS_2_in_OMR_BH802_S50,Salmonella enterica,28901,S,1458950,1321867,2780817,0.14244
2024-10-28,Zymo_Mini_Prep_MCS_2_in_OMR_BH802_S50,Escherichia coli,562,S,421395,1627721,2049116,0.10496
2024-10-28,Zymo_Mini_Prep_MCS_2_in_OMR_BH802_S50,Pseudomonas aeruginosa,287,S,700585,1245280,1945865,0.09967
2024-10-28,Zymo_Mini_Prep_MCS_7_S25,Bacillus subtilis,1423,S,112863,1203506,1316369,0.06022
2024-10-28,Zymo_Mini_Prep_MCS_7_S25,Bacillus intestinalis,1963032,S,3670,1231133,1234803,0.05649
2024-10-28,Zymo_Mini_Prep_MCS_7_S25,Staphylococcus aureus,1280,S,2014730,92992,2107722,0.09642
2024-10-28,Zymo_Mini_Prep_MCS_7_S25,Listeria monocytogenes,1639,S,1901114,76051,1977165,0.09045
2024-10-28,Zymo_Mini_Prep_MCS_7_S25,Lactobacillus fermentum,1613,S,2774590,59230,2833820,0.12964
2024-10-28,Zymo_Mini_Prep_MCS_7_S25,Enterococcus faecalis,1351,S,1987638,56630,2044268,0.09352
2024-10-28,Zymo_Mini_Prep_MCS_7_S25,Salmonella enterica,28901,S,1966048,1710548,3676596,0.16820
2024-10-28,Zymo_Mini_Prep_MCS_7_S25,Escherichia coli,562,S,570057,2166036,2736093,0.12517
2024-10-28,Zymo_Mini_Prep_MCS_7_S25,Pseudomonas aeruginosa,287,S,937418,1602734,2540152,0.11621
2024-10-28,Zymo_Mini_Prep_MCS_HostZero_3_S20,Staphylococcus aureus,1280,S,4092232,176871,4269103,0.21073
2024-10-28,Zymo_Mini_Prep_MCS_HostZero_3_S20,Listeria monocytogenes,1639,S,3330187,129736,3459923,0.17079
2024-10-28,Zymo_Mini_Prep_MCS_HostZero_3_S20,Bacillus subtilis,1423,S,96062,984772,1080834,0.05335
2024-10-28,Zymo_Mini_Prep_MCS_HostZero_3_S20,Bacillus intestinalis,1963032,S,3217,1011208,1014425,0.05007
2024-10-28,Zymo_Mini_Prep_MCS_HostZero_3_S20,Lactobacillus fermentum,1613,S,4447273,95505,4542778,0.22424
2024-10-28,Zymo_Mini_Prep_MCS_HostZero_3_S20,Enterococcus faecalis,1351,S,3868068,106740,3974808,0.19620
2024-10-28,Zymo_Mini_Prep_MCS_MolYsis_1_S49,Listeria monocytogenes,1639,S,3658640,142284,3800924,0.21508
2024-10-28,Zymo_Mini_Prep_MCS_MolYsis_1_S49,Staphylococcus aureus,1280,S,3608850,160363,3769213,0.21328
2024-10-28,Zymo_Mini_Prep_MCS_MolYsis_1_S49,Lactobacillus fermentum,1613,S,4034197,85095,4119292,0.23309
2024-10-28,Zymo_Mini_Prep_MCS_MolYsis_1_S49,Enterococcus faecalis,1351,S,2378589,65498,2444087,0.13830
2024-10-28,Zymo_Mini_Prep_MCS_NEB_5_S76,Bacillus subtilis,1423,S,124583,1212420,1337003,0.05443
2024-10-28,Zymo_Mini_Prep_MCS_NEB_5_S76,Bacillus intestinalis,1963032,S,4151,1357990,1362141,0.05545
2024-10-28,Zymo_Mini_Prep_MCS_NEB_5_S76,Listeria monocytogenes,1639,S,2758397,111622,2870019,0.11684
2024-10-28,Zymo_Mini_Prep_MCS_NEB_5_S76,Staphylococcus aureus,1280,S,2637858,122744,2760602,0.11239
2024-10-28,Zymo_Mini_Prep_MCS_NEB_5_S76,Lactobacillus fermentum,1613,S,2842666,59916,2902582,0.11817
2024-10-28,Zymo_Mini_Prep_MCS_NEB_5_S76,Enterococcus faecalis,1351,S,2633874,77407,2711281,0.11038
2024-10-28,Zymo_Mini_Prep_MCS_NEB_5_S76,Salmonella enterica,28901,S,1828280,1561324,3389604,0.13799
2024-10-28,Zymo_Mini_Prep_MCS_NEB_5_S76,Escherichia coli,562,S,534223,2004859,2539082,0.10337
2024-10-28,Zymo_Mini_Prep_MCS_NEB_5_S76,Pseudomonas aeruginosa,287,S,835756,1424369,2260125,0.09201
2024-10-28,Zymo_Mini_Prep_OMR1_BD801_S69,Burkholderia contaminans,488447,S,339189,62089,401278,0.23521
2024-10-28,Zymo_Mini_Prep_OMR1_BD801_S69,Bradyrhizobium sp. SK17,2057741,S,96185,8245,104430,0.06121
2024-10-28,Zymo_Mini_Prep_OMR2_BH802_S7,Burkholderia contaminans,488447,S,1043895,189624,1233519,0.24834
2024-10-28,Zymo_Mini_Prep_OMR2_BH802_S7,Bradyrhizobium sp. SK17,2057741,S,299944,26820,326764,0.06579
2024-10-28,Zymo_Mini_Prep_OMR_8_S36,Burkholderia contaminans,488447,S,784765,132899,917664,0.23322
2024-10-28,Zymo_Mini_Prep_OMR_8_S36,Bradyrhizobium sp. SK17,2057741,S,213626,19386,233012,0.05922
2024-10-28,Zymo_Mini_Prep_OMR_HostZero_4_S1,Bradyrhizobium sp. SK17,2057741,S,394116,22205,416321,0.15642
2024-10-28,Zymo_Mini_Prep_OMR_HostZero_4_S1,Burkholderia contaminans,488447,S,497391,85805,583196,0.21912
2024-10-28,Zymo_Mini_Prep_OMR_MolYsis_2_S16,Burkholderia contaminans,488447,S,567202,95712,662914,0.22133
2024-10-28,Zymo_Mini_Prep_OMR_MolYsis_2_S16,Bradyrhizobium sp. SK17,2057741,S,162927,14065,176992,0.05909
2024-10-28,Zymo_Mini_Prep_OMR_NEB_6_S55,Burkholderia contaminans,488447,S,1805569,361718,2167287,0.24505
2024-10-28,Zymo_Mini_Prep_OMR_NEB_6_S55,Bradyrhizobium sp. SK17,2057741,S,511547,45113,556660,0.06294
2024-10-28,Zymo_Mini_Prep_Water_S65,Burkholderia contaminans,488447,S,860853,148945,1009798,0.24485
2024-10-28,Zymo_Mini_Prep_Water_S65,Bradyrhizobium sp. SK17,2057741,S,260068,22562,282630,0.06853
